d,value,time_rel
0,0.3,2.2776923179626465
1,0.4,0.5981412517295924
2,1.0,0.6632654085661189
3,0.5,0.6014466476934776
4,0.9,1.8480541706085205
