d,value,time_rel
0,0.6,0.605504035949707
1,0.4,0.5037422180175781
2,0.4,0.5233399868011475
3,0.4,1.2355930805206299
4,0.7,0.453704833984375
5,0.3,0.43311595916748047
6,0.4,0.5829198360443115
7,0.6,0.4470400810241699
