d2,d1,value,time_div
0,1,0.6,0.4453449249267578
0,2,0.3,0.6980673655157781
1,2,0.8,0.5118658542633057
0,3,1.0,0.26470768543983353
1,3,0.7,0.9203908443450928
2,3,0.2,0.4004981972358151
