d,value,time_rel
0,0.6,0.922882080078125
1,0.3,0.5238540172576904
2,0.4,0.5841948986053467
