d2,d1,value,time_div
0,1,0.8,0.7428219318389893
0,2,0.4,0.6245013699637435
1,2,0.9,0.41977050202508115
0,3,0.0,0.557921103048151
1,3,0.7,0.6015592620726952
2,3,0.9,0.7368396480290841
