d2,d1,value,time_div
0,1,0.7,0.6066269874572754
0,2,0.7,0.6367984115256063
1,2,0.9,0.5992789268493652
0,3,0.6,0.4030383744833267
1,3,0.7,0.9358887672424316
2,3,0.8,0.5914397452104758
0,4,0.7,0.7192962169647217
1,4,0.3,0.637602721620666
2,4,0.5,1.0215871334075928
3,4,0.3,0.6822877705290127
