d,value,time_rel
0,0.6,0.7079281806945801
1,0.4,0.5111830234527588
2,0.2,0.511491060256958
3,0.4,0.47037506103515625
