d,value,time_rel
0,0.4,1.2151761054992676
1,0.3,0.41969895362854004
2,0.4,0.48563098907470703
3,0.3,0.5109312534332275
4,0.4,0.448807954788208
5,0.4,0.6784677505493164
6,0.7,0.5124039649963379
7,0.4,1.2288587093353271
8,0.3,0.5113158226013184
9,0.5,0.6143739223480225
10,0.4,0.8193261623382568
11,0.4,0.5121221542358398
12,0.4,0.718163013458252
13,0.7,0.5104959011077881
14,0.5,0.4086189270019531
