d2,d1,value,time_div
0,1,0.7,0.6125218868255615
0,2,0.3,0.5835526118919407
1,2,0.4,0.5132508277893066
0,3,0.4,0.4769880068547758
1,3,0.3,1.0243041515350342
2,3,0.6,0.6151236537149313
