d2,d1,value,time_div
0,1,0.7,0.9209609031677246
0,2,0.8,0.6290794056286892
1,2,0.7,0.6152338981628418
0,3,1.0,0.6520905671253805
1,3,0.7,0.614591121673584
2,3,0.1,0.41371746970472945
