d2,d1,value,time_div
0,1,0.6,0.6123180389404297
0,2,0.7,0.7175729274749756
1,2,0.7,0.9226150512695312
