d,value,time_rel
0,0.4,0.5254669189453125
1,0.6,0.5529137895081541
2,0.3,0.61490797996521
3,0.2,0.2432420357936123
