d2,d1,value,time_div
0,1,0.8,0.7140660285949707
0,2,0.9,0.6595956722517149
1,2,0.8,0.6834136015888052
