d2,d1,value,time_div
0,1,0.7,0.45016002655029297
0,2,0.6,0.6151330471038818
1,2,0.4,0.5131268501281738
0,3,0.9,0.6124327182769775
1,3,0.8,1.3336257934570312
2,3,0.3,0.717397928237915
