d,value,time_rel
0,0.4,0.9493739604949951
1,0.0,0.6778726153276888
2,0.1,0.5774084579533795
3,0.8,0.6001277743528204
4,0.7,0.83829665184021
5,0.1,0.6687228976670555
6,1.0,0.5299053476722622
7,0.5,0.6163621997147457
