d,value,time_rel
0,0.6,0.8755009174346924
1,0.3,0.49378013610839844
2,0.3,0.8175151348114014
3,0.4,0.7151920795440674
4,0.7,0.6151552200317383
5,0.4,0.8781459331512451
6,0.4,1.277825117111206
7,0.5,0.6079769134521484
8,0.6,0.6156270503997803
9,0.4,0.5547242164611816
10,0.6,0.6730668544769287
11,0.3,0.5131678581237793
12,0.6,0.6130681037902832
13,0.4,0.6154088973999023
14,0.4,0.6143879890441895
15,0.3,0.7189772129058838
