d,value,time_rel
0,0.4,1.5056791305541992
1,0.4,0.6871590614318848
2,0.3,0.7158920764923096
3,0.3,0.616020917892456
4,0.7,0.6147887706756592
5,0.3,0.5110118389129639
6,0.4,0.7167220115661621
7,0.6,0.4910159111022949
8,0.4,0.4898350238800049
9,0.5,0.658026933670044
10,0.7,0.5113918781280518
11,0.3,0.5135550498962402
12,0.4,0.8185889720916748
13,0.4,0.6136202812194824
14,0.4,0.6140351295471191
15,0.6,0.717494010925293
