d,value,time_rel
0,0.4,1.7077810764312744
1,0.0,0.49676830807115124
2,0.4,0.7667748478345882
3,0.0,0.5192471487151401
