d,value,time_rel
0,0.0,2.9494988918304443
1,0.6,0.6530573280880316
2,0.0,1.8334481716156006
