d,value,time_rel
0,0.4,1.128607988357544
1,0.3,0.4911201000213623
