n,EntrRedInd_total_time_determine_next_question,EntrRedDep_total_time_determine_next_question
1000,0.0006167888641357,0.0016427040100097
5000,0.0242455005645751,0.0221364498138427
10000,0.0710928440093994,
15000,0.0987749099731445,
20000,0.1449944972991943,
