n,Exact_Baseline,Naive,Max_Prob
500,71.0819942961974,33.73540724957922,32.789455200535976
1000,319.19415716307003,70.33112648826126,552.7368701040849
2000,1208.1995173221292,86.28889094387345,5181.968411072026
4000,2360.7944530855243,89.13735138142356,52469.10200927022
