n,Exact_Baseline,Naive,Max_Prob
500,83.69649683936099,17.89857463153931,20.41549795534091
1000,501.7932753562927,473.43842244148254,2137.779801607132
2000,1195.451280194971,83.79869125229094,8520.831226298998
4000,2346.595835736596,105.6597464856208,27361.00267503513
