n,EntrRedInd_total_time_compute_pdf,EntrRedDep_total_time_compute_pdf
1000,2.9772214889526367,1923.3190047740936
5000,62.58250164985657,3165.0
10000,273.02286672592163,
15000,484.7812707424164,
20000,881.532726764679,
