n,EntrRedInd_total_time_determine_next_question,EntrRedDep_total_time_determine_next_question
1k,0.0014846324920654,0.0034544467926025
5k,0.0194244384765625,0.0239608287811279
10k,0.0566260814666748,
15k,0.0845651626586914,
20k,0.1226437091827392,
