n,EntrRedInd_total_time_determine_next_question,EntrRedDep_total_time_determine_next_question
1k,0.0006570816040039,0.0002918243408203
5k,0.0241379737854003,0.0206215381622314
10k,0.0447397232055664,
15k,0.059964895248413,
20k,0.0861885547637939,
