n,EntrRedInd,EntrRedDep
1k,34.944304524604355,142.35387137302286
5k,263.19460630035474,92485.8434582492
10k,870.5868842774572,
15k,1747.5230765965807,
20k,3108.3791694875663,
