n,EntrRedInd_total_time_compute_pdf,EntrRedDep_total_time_compute_pdf
1k,0.7813825607299805,110.07499504089355
5k,132.16262412071228,61130.66866779328
10k,517.5711767673492,
15k,1084.9911420345306,
20k,1984.534942865372,
