n,EntrRedInd_total_time_determine_next_question,EntrRedDep_total_time_determine_next_question
1000,0.0014846324920654,0.0034544467926025
5000,0.0194244384765625,0.0239608287811279
10000,0.0566260814666748,
15000,0.0845651626586914,
20000,0.1226437091827392,
