n,EntrRedInd,EntrRedDep
1k,57.92776014930409,185.50884390474985
5k,177.91334188664922,42739.864716689
10k,492.0766081895739,
15k,913.404005191908,
20k,1613.634515868836,
