n,EntrRedInd_total_time_compute_pdf,EntrRedDep_total_time_compute_pdf
1000,0.8748092651367188,520.7005839347839
5000,103.88314652442932,52372.36120033264
10000,511.9766376018524,
15000,1033.2742471694946,
20000,1997.556464195252,
