n,EntrRedInd_total_time_determine_next_question,EntrRedDep_total_time_determine_next_question
1000,0.0031023025512695,0.021097183227539
5000,0.0192873477935791,0.0148258209228515
10000,0.0458230972290039,
15000,0.0583930015563964,
20000,0.0841894149780273,
