n,Exact_Baseline,Naive,Max_Prob
500,69.88693406872206,36.49594332993667,14.681624435957946
1000,320.1372873296227,28.51979530900893,131.99881334551966
2000,1205.148561720752,95.86812128992511,3819.1011047193897
4000,2348.86256635216,164.13800737339773,61224.07415664566
