n,EntrRedInd_total_time_compute_pdf,EntrRedDep_total_time_compute_pdf
1000,0.7813825607299805,110.07499504089355
5000,132.16262412071228,3026.0
10000,517.5711767673492,
15000,1084.9911420345306,
20000,1984.534942865372,
