n,Exact_Baseline,Naive,Max_Prob
500,74.19850516349584,22.797079203192848,21.48874986697267
1000,317.59208822476114,34.12615447493351,142.35387137302286
2000,1205.505945104053,60.37260033842624,2135.423307283192
4000,2352.6060041503606,73.76352167800509,92485.8434582492
