n,EntrRedInd_total_time_determine_next_question,EntrRedDep_total_time_determine_next_question
1000,0.0006699562072753,0.0003309249877929
5000,0.0281803607940673,0.0245463848114013
10000,0.0771384239196777,
15000,0.1178553104400634,
20000,0.1672949790954589,
