n,Exact_Baseline,Naive,Max_Prob
500,79.42149236120261,31.70769178204501,36.59286887381664
1000,312.72461092358253,62.185400395646674,250.61644499322887
2000,1197.836575776957,52.14451374399044,3676.796009477365
4000,2348.4544354678487,69.95826279007107,39419.458358593016
