n,EntrRedInd,EntrRedDep
1k,45.356986034501055,2137.779801607132
5k,143.76106817942514,27361.00267503513
10k,405.11636166642273,
15k,636.3680036939395,
20k,1073.8029566008847,
