n,EntrRedInd_total_time_determine_next_question,EntrRedDep_total_time_determine_next_question
1k,0.0031023025512695,0.021097183227539
5k,0.0192873477935791,0.0148258209228515
10k,0.0458230972290039,
15k,0.0583930015563964,
20k,0.0841894149780273,
