n,EntrRedInd,EntrRedDep
1000,45.356986034501055,2137.779801607132
5000,143.76106817942514,3425.0
10000,405.11636166642273,
15000,636.3680036939395,
20000,1073.8029566008847,
