n,EntrRedInd,EntrRedDep
1k,30.16890814685981,250.61644499322887
5k,151.0657036182663,39419.458358593016
10k,477.4979246688644,
15k,893.1675653177788,
20k,1984.9187446917897,
