n,EntrRedInd_total_time_compute_pdf,EntrRedDep_total_time_compute_pdf
1k,1.01141619682312,230.3210597038269
5k,77.18682765960693,39343.56969118118
10k,364.5074653625488,
15k,761.096054315567,
20k,1806.9225318431847,
