n,EntrRedInd,EntrRedDep
1000,30.16890814685981,250.61644499322887
5000,151.0657036182663,39419.458358593016
10000,477.4979246688644,
15000,893.1675653177788,
20000,1984.9187446917897,
