n,EntrRedInd_total_time_compute_pdf,EntrRedDep_total_time_compute_pdf
1000,0.5971441268920898,148.5461413860321
5000,80.81102252006531,42643.62355732918
10000,351.50971150398254,
15000,748.337061882019,
20000,1427.487506151199,
