n,EntrRedInd_total_time_determine_next_question,EntrRedDep_total_time_determine_next_question
1000,0.0007445812225341,0.0007290840148925
5000,0.0181879997253417,0.0199995040893554
10000,0.0555860996246337,
15000,0.0786924362182617,
20000,0.1554751396179199,
