n,EntrRedInd_total_time_compute_pdf,EntrRedDep_total_time_compute_pdf
1000,0.8140950202941895,116.62993478775024
5000,180.8922939300537,92400.5429558754
10000,745.2373807430267,
15000,1591.9789500236511,
20000,2936.921058654785,
