n,Exact_Baseline,Naive,Max_Prob
500,70.96280325571213,18.23525635988625,23.75616660721741
1000,321.9372049094562,43.1473345434552,185.50884390474985
2000,1212.9034472647888,116.15621421902794,2271.054254609601
4000,2371.695897595502,89.10295076870607,42739.864716689
