n,EntrRedInd_total_time_determine_next_question,EntrRedDep_total_time_determine_next_question
1k,0.0006699562072753,0.0003309249877929
5k,0.0281803607940673,0.0245463848114013
10k,0.0771384239196777,
15k,0.1178553104400634,
20k,0.1672949790954589,
