n,EntrRedInd_total_time_compute_pdf,EntrRedDep_total_time_compute_pdf
1k,0.8140950202941895,116.62993478775024
5k,180.8922939300537,92400.5429558754
10k,745.2373807430267,
15k,1591.9789500236511,
20k,2936.921058654785,
