n,EntrRedInd,EntrRedDep
1000,34.596114345842906,131.99881334551966
5000,222.13120307212543,61224.07415664566
10000,613.428086114661,
15000,1199.8674572916811,
20000,2115.923542888957,
