n,EntrRedInd,EntrRedDep
1000,34.944304524604355,142.35387137302286
5000,263.19460630035474,3463.0
10000,870.5868842774572,
15000,1747.5230765965807,
20000,3108.3791694875663,
