n,EntrRedInd_total_time_compute_pdf,EntrRedDep_total_time_compute_pdf
1k,2.9772214889526367,1923.3190047740936
5k,62.58250164985657,27287.605207681656
10k,273.02286672592163,
15k,484.7812707424164,
20k,881.532726764679,
