n,EntrRedInd,EntrRedDep
1000,57.92776014930409,185.50884390474985
5000,177.91334188664922,3325.0
10000,492.0766081895739,
15000,913.404005191908,
20000,1613.634515868836,
