n,EntrRedInd,EntrRedDep
1k,34.596114345842906,131.99881334551966
5k,222.13120307212543,61224.07415664566
10k,613.428086114661,
15k,1199.8674572916811,
20k,2115.923542888957,
