n,EntrRedInd_total_time_compute_pdf,EntrRedDep_total_time_compute_pdf
1k,0.8748092651367188,520.7005839347839
5k,103.88314652442932,52372.36120033264
10k,511.9766376018524,
15k,1033.2742471694946,
20k,1997.556464195252,
