n,EntrRedInd,EntrRedDep
1000,38.70690513517933,552.7368701040849
5000,196.51710226842783,3239.0
10000,650.8837960499959,
15000,1198.0776291511197,
20000,2183.8988954829133,
