n,EntrRedInd_total_time_compute_pdf,EntrRedDep_total_time_compute_pdf
1k,0.5971441268920898,148.5461413860321
5k,80.81102252006531,42643.62355732918
10k,351.50971150398254,
15k,748.337061882019,
20k,1427.487506151199,
