n,EntrRedInd,EntrRedDep
1k,38.70690513517933,552.7368701040849
5k,196.51710226842783,52469.10200927022
10k,650.8837960499959,
15k,1198.0776291511197,
20k,2183.8988954829133,
